Entry ID,Contest Name,Contest ID,Entry Fee,PG,SG,SF,PF,C,G,F,UTIL,,Instructions
4599495677,NBA $40K Sharpshooter [20 Entry Max],172748981,$3,,,,,,,,,,1. Column A lists all of your contest entries for this draftgroup
4599495678,NBA $40K Sharpshooter [20 Entry Max],172748981,$3,,,,,,,,,,2. Your current lineup is listed next to each entry (blank for reservations)
4599495679,NBA $40K Sharpshooter [20 Entry Max],172748981,$3,,,,,,,,,,3. You can change the lineup for an entry by entering the IDs of the players in the row next to that entry
4599495680,NBA $40K Sharpshooter [20 Entry Max],172748981,$3,,,,,,,,,,4. Use data from the Name+ID column or the ID column; you cannot use just the player's name
4599495681,NBA $40K Sharpshooter [20 Entry Max],172748981,$3,,,,,,,,,,5. For faster processing only include entries you are changing in the file you upload
4599495682,NBA $40K Sharpshooter [20 Entry Max],172748981,$3,,,,,,,,,,
4599495683,NBA $40K Sharpshooter [20 Entry Max],172748981,$3,,,,,,,,,,Position,Name + ID,Name,ID,Roster Position,Salary,Game Info,TeamAbbrev,AvgPointsPerGame
4599495684,NBA $40K Sharpshooter [20 Entry Max],172748981,$3,,,,,,,,,,PF/C,Giannis Antetokounmpo (37238437),Giannis Antetokounmpo,37238437,PF/C/F/UTIL,11300,MIL@TOR 01/06/2025 07:30PM ET,MIL,60.92
,,,,,,,,,,,,,C,Victor Wembanyama (37238441),Victor Wembanyama,37238441,C/UTIL,11100,SAS@CHI 01/06/2025 08:00PM ET,SAS,55.29
,,,,,,,,,,,,,PG,Luka Doncic (37238443),Luka Doncic,37238443,PG/G/UTIL,11000,DAL@MEM 01/06/2025 08:00PM ET,DAL,56.17
,,,,,,,,,,,,,C,Karl-Anthony Towns (37238446),Karl-Anthony Towns,37238446,C/UTIL,10000,ORL@NYK 01/06/2025 07:30PM ET,NYK,52.52
,,,,,,,,,,,,,PF,Paolo Banchero (37238448),Paolo Banchero,37238448,PF/F/UTIL,9800,ORL@NYK 01/06/2025 07:30PM ET,ORL,51.8
,,,,,,,,,,,,,PG,Cade Cunningham (37238451),Cade Cunningham,37238451,PG/G/UTIL,9700,POR@DET 01/06/2025 07:00PM ET,DET,50.48
,,,,,,,,,,,,,C,Joel Embiid (37238454),Joel Embiid,37238454,C/UTIL,9600,PHX@PHI 01/06/2025 07:00PM ET,PHI,43.25
,,,,,,,,,,,,,PG/SF,Scottie Barnes (37238456),Scottie Barnes,37238456,PG/SF/F/G/UTIL,9500,MIL@TOR 01/06/2025 07:30PM ET,TOR,44.47
,,,,,,,,,,,,,PF,Franz Wagner (37238461),Franz Wagner,37238461,PF/F/UTIL,9400,ORL@NYK 01/06/2025 07:30PM ET,ORL,44.24
,,,,,,,,,,,,,PF/C,Kevin Durant (37238464),Kevin Durant,37238464,PF/C/F/UTIL,9300,PHX@PHI 01/06/2025 07:00PM ET,PHX,45.51
,,,,,,,,,,,,,SF,RJ Barrett (37238468),RJ Barrett,37238468,SF/F/UTIL,9200,MIL@TOR 01/06/2025 07:30PM ET,TOR,43.19
,,,,,,,,,,,,,PG/SG,Kyrie Irving (37238471),Kyrie Irving,37238471,PG/SG/G/UTIL,9200,DAL@MEM 01/06/2025 08:00PM ET,DAL,40.91
,,,,,,,,,,,,,PF/C,Jaren Jackson Jr. (37238475),Jaren Jackson Jr.,37238475,PF/C/F/UTIL,9100,DAL@MEM 01/06/2025 08:00PM ET,MEM,39.02
,,,,,,,,,,,,,PG,Ja Morant (37238479),Ja Morant,37238479,PG/G/UTIL,9100,DAL@MEM 01/06/2025 08:00PM ET,MEM,41.1
,,,,,,,,,,,,,PG,Jalen Brunson (37238482),Jalen Brunson,37238482,PG/G/UTIL,9000,ORL@NYK 01/06/2025 07:30PM ET,NYK,42.71
,,,,,,,,,,,,,PG,James Harden (37238485),James Harden,37238485,PG/G/UTIL,8900,LAC@MIN 01/06/2025 08:00PM ET,LAC,44.88
,,,,,,,,,,,,,C,Nikola Vucevic (37238488),Nikola Vucevic,37238488,C/UTIL,8800,SAS@CHI 01/06/2025 08:00PM ET,CHI,42.12
,,,,,,,,,,,,,PG/SG,Devin Booker (37238490),Devin Booker,37238490,PG/SG/G/UTIL,8800,PHX@PHI 01/06/2025 07:00PM ET,PHX,42.33
,,,,,,,,,,,,,PG,Damian Lillard (37238494),Damian Lillard,37238494,PG/G/UTIL,8700,MIL@TOR 01/06/2025 07:30PM ET,MIL,44.61
,,,,,,,,,,,,,PG,Tyrese Maxey (37238497),Tyrese Maxey,37238497,PG/G/UTIL,8600,PHX@PHI 01/06/2025 07:00PM ET,PHI,43.53
,,,,,,,,,,,,,SG,Anthony Edwards (37238500),Anthony Edwards,37238500,SG/G/UTIL,8500,LAC@MIN 01/06/2025 08:00PM ET,MIN,42.32
,,,,,,,,,,,,,PG,Tyrese Haliburton (37238503),Tyrese Haliburton,37238503,PG/G/UTIL,8400,IND@BKN 01/06/2025 07:30PM ET,IND,41.04
,,,,,,,,,,,,,PG/SG,Jalen Suggs (37238506),Jalen Suggs,37238506,PG/SG/G/UTIL,8300,ORL@NYK 01/06/2025 07:30PM ET,ORL,31.62
,,,,,,,,,,,,,SG/SF,Zach LaVine (37238510),Zach LaVine,37238510,SG/SF/F/G/UTIL,8200,SAS@CHI 01/06/2025 08:00PM ET,CHI,37.29
,,,,,,,,,,,,,SG/SF,Desmond Bane (37238515),Desmond Bane,37238515,SG/SF/F/G/UTIL,8100,DAL@MEM 01/06/2025 08:00PM ET,MEM,35.06
,,,,,,,,,,,,,SF/PF,Josh Hart (37238520),Josh Hart,37238520,SF/PF/F/UTIL,8000,ORL@NYK 01/06/2025 07:30PM ET,NYK,38.27
,,,,,,,,,,,,,SF,Kawhi Leonard (37238524),Kawhi Leonard,37238524,SF/F/UTIL,7900,LAC@MIN 01/06/2025 08:00PM ET,LAC,19.75
,,,,,,,,,,,,,C,Ivica Zubac (37238527),Ivica Zubac,37238527,C/UTIL,7800,LAC@MIN 01/06/2025 08:00PM ET,LAC,37.98
,,,,,,,,,,,,,PG,Josh Giddey (37238529),Josh Giddey,37238529,PG/G/UTIL,7700,SAS@CHI 01/06/2025 08:00PM ET,CHI,33.92
,,,,,,,,,,,,,PF/C,Julius Randle (37238532),Julius Randle,37238532,PF/C/F/UTIL,7500,LAC@MIN 01/06/2025 08:00PM ET,MIN,36.93
,,,,,,,,,,,,,SF/PF,Cameron Johnson (37238536),Cameron Johnson,37238536,SF/PF/F/UTIL,7400,IND@BKN 01/06/2025 07:30PM ET,BKN,32.84
,,,,,,,,,,,,,C,Goga Bitadze (37238540),Goga Bitadze,37238540,C/UTIL,7300,ORL@NYK 01/06/2025 07:30PM ET,ORL,29.12
,,,,,,,,,,,,,SG/SF,Bradley Beal (37238542),Bradley Beal,37238542,SG/SF/F/G/UTIL,7200,PHX@PHI 01/06/2025 07:00PM ET,PHX,30.88
,,,,,,,,,,,,,SG/SF,Paul George (37238547),Paul George,37238547,SG/SF/F/G/UTIL,7100,PHX@PHI 01/06/2025 07:00PM ET,PHI,34.25
,,,,,,,,,,,,,PG,Immanuel Quickley (37238557),Immanuel Quickley,37238557,PG/G/UTIL,7000,MIL@TOR 01/06/2025 07:30PM ET,TOR,32.1
,,,,,,,,,,,,,SG/SF,Norman Powell (37238552),Norman Powell,37238552,SG/SF/F/G/UTIL,7000,LAC@MIN 01/06/2025 08:00PM ET,LAC,34.77
,,,,,,,,,,,,,PF,Pascal Siakam (37238564),Pascal Siakam,37238564,PF/F/UTIL,6900,IND@BKN 01/06/2025 07:30PM ET,IND,36.83
,,,,,,,,,,,,,PG/SG,Coby White (37238560),Coby White,37238560,PG/SG/G/UTIL,6900,SAS@CHI 01/06/2025 08:00PM ET,CHI,32.60
,,,,,,,,,,,,,SG,Cam Thomas (37238571),Cam Thomas,37238571,SG/G/UTIL,6800,IND@BKN 01/06/2025 07:30PM ET,BKN,35.87
,,,,,,,,,,,,,PF/C,Bobby Portis (37238567),Bobby Portis,37238567,PF/C/F/UTIL,6800,MIL@TOR 01/06/2025 07:30PM ET,MIL,29.91
,,,,,,,,,,,,,C,Jakob Poeltl (37238574),Jakob Poeltl,37238574,C/UTIL,6700,MIL@TOR 01/06/2025 07:30PM ET,TOR,37.26
,,,,,,,,,,,,,SG/SF,Mikal Bridges (37238583),Mikal Bridges,37238583,SG/SF/F/G/UTIL,6700,ORL@NYK 01/06/2025 07:30PM ET,NYK,31.05
,,,,,,,,,,,,,PG/SG,Ayo Dosunmu (37238579),Ayo Dosunmu,37238579,PG/SG/G/UTIL,6600,SAS@CHI 01/06/2025 08:00PM ET,CHI,27.42
,,,,,,,,,,,,,SF/PF,Deni Avdija (37238588),Deni Avdija,37238588,SF/PF/F/UTIL,6600,POR@DET 01/06/2025 07:00PM ET,POR,29.24
,,,,,,,,,,,,,PF,PJ Washington (37238576),PJ Washington,37238576,PF/F/UTIL,6500,DAL@MEM 01/06/2025 08:00PM ET,DAL,29.71
,,,,,,,,,,,,,PG,Spencer Dinwiddie (37238595),Spencer Dinwiddie,37238595,PG/G/UTIL,6500,DAL@MEM 01/06/2025 08:00PM ET,DAL,19.05
,,,,,,,,,,,,,C,Myles Turner (37238598),Myles Turner,37238598,C/UTIL,6400,IND@BKN 01/06/2025 07:30PM ET,IND,32.26
,,,,,,,,,,,,,PG,Anfernee Simons (37238592),Anfernee Simons,37238592,PG/G/UTIL,6400,POR@DET 01/06/2025 07:00PM ET,POR,31.04
,,,,,,,,,,,,,C,Deandre Ayton (37238600),Deandre Ayton,37238600,C/UTIL,6300,POR@DET 01/06/2025 07:00PM ET,POR,32.65
,,,,,,,,,,,,,SF/PF,OG Anunoby (37238612),OG Anunoby,37238612,SF/PF/F/UTIL,6300,ORL@NYK 01/06/2025 07:30PM ET,NYK,30.72
,,,,,,,,,,,,,C,Nic Claxton (37238602),Nic Claxton,37238602,C/UTIL,6200,IND@BKN 01/06/2025 07:30PM ET,BKN,25.89
,,,,,,,,,,,,,SG/SF,Khris Middleton (37238607),Khris Middleton,37238607,SG/SF/F/G/UTIL,6200,MIL@TOR 01/06/2025 07:30PM ET,MIL,27.35
,,,,,,,,,,,,,PG,Scotty Pippen Jr. (37238604),Scotty Pippen Jr.,37238604,PG/G/UTIL,6200,DAL@MEM 01/06/2025 08:00PM ET,MEM,25.28
,,,,,,,,,,,,,SG/SF,Devin Vassell (37238616),Devin Vassell,37238616,SG/SF/F/G/UTIL,6100,SAS@CHI 01/06/2025 08:00PM ET,SAS,27.71
,,,,,,,,,,,,,PG,Chris Paul (37238623),Chris Paul,37238623,PG/G/UTIL,6000,SAS@CHI 01/06/2025 08:00PM ET,SAS,30.56
,,,,,,,,,,,,,C,Jalen Duren (37238621),Jalen Duren,37238621,C/UTIL,6000,POR@DET 01/06/2025 07:00PM ET,DET,27.48
,,,,,,,,,,,,,SG/SF,Klay Thompson (37238626),Klay Thompson,37238626,SG/SF/F/G/UTIL,6000,DAL@MEM 01/06/2025 08:00PM ET,DAL,24.95
,,,,,,,,,,,,,PG,Ben Simmons (37238644),Ben Simmons,37238644,PG/G/UTIL,5900,IND@BKN 01/06/2025 07:30PM ET,BKN,24.02
,,,,,,,,,,,,,PF/C,Jeremy Sochan (37238636),Jeremy Sochan,37238636,PF/C/F/UTIL,5900,SAS@CHI 01/06/2025 08:00PM ET,SAS,30.51
,,,,,,,,,,,,,SG/SF,Bennedict Mathurin (37238631),Bennedict Mathurin,37238631,SG/SF/F/G/UTIL,5800,IND@BKN 01/06/2025 07:30PM ET,IND,29.12
,,,,,,,,,,,,,C,Jusuf Nurkic (37238647),Jusuf Nurkic,37238647,C/UTIL,5800,PHX@PHI 01/06/2025 07:00PM ET,PHX,26.45
,,,,,,,,,,,,,PG/SG,Shaedon Sharpe (37238640),Shaedon Sharpe,37238640,PG/SG/G/UTIL,5700,POR@DET 01/06/2025 07:00PM ET,POR,28.12
,,,,,,,,,,,,,C,Rudy Gobert (37238649),Rudy Gobert,37238649,C/UTIL,5700,LAC@MIN 01/06/2025 08:00PM ET,MIN,29.49
,,,,,,,,,,,,,SG,Malik Beasley (37238651),Malik Beasley,37238651,SG/G/UTIL,5600,POR@DET 01/06/2025 07:00PM ET,DET,26.05
,,,,,,,,,,,,,PG/SG,D'Angelo Russell (37238661),D'Angelo Russell,37238661,PG/SG/G/UTIL,5500,IND@BKN 01/06/2025 07:30PM ET,BKN,25.52
,,,,,,,,,,,,,C,Brook Lopez (37238659),Brook Lopez,37238659,C/UTIL,5500,MIL@TOR 01/06/2025 07:30PM ET,MIL,26.45
,,,,,,,,,,,,,SG/SF,Quentin Grimes (37238654),Quentin Grimes,37238654,SG/SF/F/G/UTIL,5500,DAL@MEM 01/06/2025 08:00PM ET,DAL,19.78
,,,,,,,,,,,,,SG,Gradey Dick (37238679),Gradey Dick,37238679,SG/G/UTIL,5400,MIL@TOR 01/06/2025 07:30PM ET,TOR,27.84
,,,,,,,,,,,,,PF,Tobias Harris (37238665),Tobias Harris,37238665,PF/F/UTIL,5400,POR@DET 01/06/2025 07:00PM ET,DET,28.70
,,,,,,,,,,,,,C,Zach Edey (37238668),Zach Edey,37238668,C/UTIL,5400,DAL@MEM 01/06/2025 08:00PM ET,MEM,25.49
,,,,,,,,,,,,,PG,Tyus Jones (37238670),Tyus Jones,37238670,PG/G/UTIL,5400,PHX@PHI 01/06/2025 07:00PM ET,PHX,28.30
,,,,,,,,,,,,,PG/SG,Keon Johnson (37238675),Keon Johnson,37238675,PG/SG/G/UTIL,5300,IND@BKN 01/06/2025 07:30PM ET,BKN,16.21
,,,,,,,,,,,,,C,Dereck Lively II (37238673),Dereck Lively II,37238673,C/UTIL,5300,DAL@MEM 01/06/2025 08:00PM ET,DAL,26.56
,,,,,,,,,,,,,SG/SF,Jaylen Wells (37238690),Jaylen Wells,37238690,SG/SF/F/G/UTIL,5300,DAL@MEM 01/06/2025 08:00PM ET,MEM,20.18
,,,,,,,,,,,,,SG/SF,Ziaire Williams (37238685),Ziaire Williams,37238685,SG/SF/F/G/UTIL,5200,IND@BKN 01/06/2025 07:30PM ET,BKN,19.01
,,,,,,,,,,,,,PF,Jerami Grant (37238695),Jerami Grant,37238695,PF/F/UTIL,5200,POR@DET 01/06/2025 07:00PM ET,POR,27.24
,,,,,,,,,,,,,SG,Kelly Oubre Jr. (37238682),Kelly Oubre Jr.,37238682,SG/G/UTIL,5200,PHX@PHI 01/06/2025 07:00PM ET,PHI,26.15
,,,,,,,,,,,,,PG/SG,Andrew Nembhard (37238712),Andrew Nembhard,37238712,PG/SG/G/UTIL,5100,IND@BKN 01/06/2025 07:30PM ET,IND,23.29
,,,,,,,,,,,,,PF,Santi Aldama (37238698),Santi Aldama,37238698,PF/F/UTIL,5100,DAL@MEM 01/06/2025 08:00PM ET,MEM,30.11
,,,,,,,,,,,,,SF/PF,Tristan da Silva (37238701),Tristan da Silva,37238701,SF/PF/F/UTIL,5100,ORL@NYK 01/06/2025 07:30PM ET,ORL,17.80
,,,,,,,,,,,,,PG,Scoot Henderson (37238709),Scoot Henderson,37238709,PG/G/UTIL,5000,POR@DET 01/06/2025 07:00PM ET,POR,24.84
,,,,,,,,,,,,,SF/PF,Jake LaRavia (37238720),Jake LaRavia,37238720,SF/PF/F/UTIL,5000,DAL@MEM 01/06/2025 08:00PM ET,MEM,21.49
,,,,,,,,,,,,,PF/C,Wendell Carter Jr. (37238716),Wendell Carter Jr.,37238716,PF/C/F/UTIL,5000,ORL@NYK 01/06/2025 07:30PM ET,ORL,22.74
,,,,,,,,,,,,,PG/SG,Donte DiVincenzo (37238705),Donte DiVincenzo,37238705,PG/SG/G/UTIL,5000,LAC@MIN 01/06/2025 08:00PM ET,MIN,22.23
,,,,,,,,,,,,,PF/C,Noah Clowney (37238732),Noah Clowney,37238732,PF/C/F/UTIL,4900,IND@BKN 01/06/2025 07:30PM ET,BKN,16.41
,,,,,,,,,,,,,SF/PF,Royce O'Neale (37238724),Royce O'Neale,37238724,SF/PF/F/UTIL,4900,PHX@PHI 01/06/2025 07:00PM ET,PHX,24.88
,,,,,,,,,,,,,PG/SG,Cole Anthony (37238728),Cole Anthony,37238728,PG/SG/G/UTIL,4900,ORL@NYK 01/06/2025 07:30PM ET,ORL,13.95
,,,,,,,,,,,,,PF,Patrick Williams (37238748),Patrick Williams,37238748,PF/F/UTIL,4800,SAS@CHI 01/06/2025 08:00PM ET,CHI,21.88
,,,,,,,,,,,,,C,Daniel Gafford (37238751),Daniel Gafford,37238751,C/UTIL,4800,DAL@MEM 01/06/2025 08:00PM ET,DAL,24.63
,,,,,,,,,,,,,SF/PF,Caleb Martin (37238744),Caleb Martin,37238744,SF/PF/F/UTIL,4800,PHX@PHI 01/06/2025 07:00PM ET,PHI,20.97
,,,,,,,,,,,,,SG,Grayson Allen (37238753),Grayson Allen,37238753,SG/G/UTIL,4800,PHX@PHI 01/06/2025 07:00PM ET,PHX,20.58
,,,,,,,,,,,,,SF,Kentavious Caldwell-Pope (37238741),Kentavious Caldwell-Pope,37238741,SF/F/UTIL,4800,ORL@NYK 01/06/2025 07:30PM ET,ORL,19.36
,,,,,,,,,,,,,SG/SF,Toumani Camara (37238736),Toumani Camara,37238736,SG/SF/F/G/UTIL,4700,POR@DET 01/06/2025 07:00PM ET,POR,22.92
,,,,,,,,,,,,,SF/PF,John Konchar (37238756),John Konchar,37238756,SF/PF/F/UTIL,4700,DAL@MEM 01/06/2025 08:00PM ET,MEM,11.99
,,,,,,,,,,,,,PG,Anthony Black (37238764),Anthony Black,37238764,PG/G/UTIL,4700,ORL@NYK 01/06/2025 07:30PM ET,ORL,19.57
,,,,,,,,,,,,,PF/C,Naz Reid (37238760),Naz Reid,37238760,PF/C/F/UTIL,4700,LAC@MIN 01/06/2025 08:00PM ET,MIN,24.40
,,,,,,,,,,,,,SF/PF,Ausar Thompson (37238771),Ausar Thompson,37238771,SF/PF/F/UTIL,4600,POR@DET 01/06/2025 07:00PM ET,DET,18.63
,,,,,,,,,,,,,SF/PF,Naji Marshall (37238767),Naji Marshall,37238767,SF/PF/F/UTIL,4600,DAL@MEM 01/06/2025 08:00PM ET,DAL,19.82
,,,,,,,,,,,,,SG/SF,Luke Kennard (37238775),Luke Kennard,37238775,SG/SF/F/G/UTIL,4600,DAL@MEM 01/06/2025 08:00PM ET,MEM,18.80
,,,,,,,,,,,,,SF/PF,Jalen Wilson (37238791),Jalen Wilson,37238791,SF/PF/F/UTIL,4500,IND@BKN 01/06/2025 07:30PM ET,BKN,17.40
,,,,,,,,,,,,,PG/SG,Jaden Hardy (37238787),Jaden Hardy,37238787,PG/SG/G/UTIL,4500,DAL@MEM 01/06/2025 08:00PM ET,DAL,12.04
,,,,,,,,,,,,,PF/C,Precious Achiuwa (37238783),Precious Achiuwa,37238783,PF/C/F/UTIL,4500,ORL@NYK 01/06/2025 07:30PM ET,NYK,17.23
,,,,,,,,,,,,,SF/PF,Keldon Johnson (37238799),Keldon Johnson,37238799,SF/PF/F/UTIL,4400,SAS@CHI 01/06/2025 08:00PM ET,SAS,22.88
,,,,,,,,,,,,,C,Mason Plumlee (37238803),Mason Plumlee,37238803,C/UTIL,4400,PHX@PHI 01/06/2025 07:00PM ET,PHX,16.45
,,,,,,,,,,,,,PG,Kevin Porter Jr. (37238780),Kevin Porter Jr.,37238780,PG/G/UTIL,4400,LAC@MIN 01/06/2025 08:00PM ET,LAC,20.75
,,,,,,,,,,,,,PF,Trendon Watford (37238809),Trendon Watford,37238809,PF/F/UTIL,4300,IND@BKN 01/06/2025 07:30PM ET,BKN,15.79
,,,,,,,,,,,,,PF/C,Guerschon Yabusele (37238805),Guerschon Yabusele,37238805,PF/C/F/UTIL,4300,PHX@PHI 01/06/2025 07:00PM ET,PHI,21.13
,,,,,,,,,,,,,PG/SG,Miles McBride (37238795),Miles McBride,37238795,PG/SG/G/UTIL,4300,ORL@NYK 01/06/2025 07:30PM ET,NYK,20.27
,,,,,,,,,,,,,PG,Lonzo Ball (37238840),Lonzo Ball,37238840,PG/G/UTIL,4200,SAS@CHI 01/06/2025 08:00PM ET,CHI,19.27
,,,,,,,,,,,,,SF/PF,Ochai Agbaji (37238812),Ochai Agbaji,37238812,SF/PF/F/UTIL,4200,MIL@TOR 01/06/2025 07:30PM ET,TOR,21.9
,,,,,,,,,,,,,SG/SF,Tim Hardaway Jr. (37238831),Tim Hardaway Jr.,37238831,SG/SF/F/G/UTIL,4200,POR@DET 01/06/2025 07:00PM ET,DET,16.30
,,,,,,,,,,,,,C,Jay Huff (37238823),Jay Huff,37238823,C/UTIL,4200,DAL@MEM 01/06/2025 08:00PM ET,MEM,16.62
,,,,,,,,,,,,,SF,Jaden McDaniels (37238820),Jaden McDaniels,37238820,SF/F/UTIL,4200,LAC@MIN 01/06/2025 08:00PM ET,MIN,22.32
,,,,,,,,,,,,,SF/PF,Ryan Dunn (37238816),Ryan Dunn,37238816,SF/PF/F/UTIL,4100,PHX@PHI 01/06/2025 07:00PM ET,PHX,14.46
,,,,,,,,,,,,,C,Andre Drummond (37238825),Andre Drummond,37238825,C/UTIL,4100,PHX@PHI 01/06/2025 07:00PM ET,PHI,20.23
,,,,,,,,,,,,,SG,Trevelin Queen (37238851),Trevelin Queen,37238851,SG/G/UTIL,4100,ORL@NYK 01/06/2025 07:30PM ET,ORL,13.48
,,,,,,,,,,,,,PG/SG,Kris Dunn (37238827),Kris Dunn,37238827,PG/SG/G/UTIL,4100,LAC@MIN 01/06/2025 08:00PM ET,LAC,19.19
,,,,,,,,,,,,,PG,T.J. McConnell (37238846),T.J. McConnell,37238846,PG/G/UTIL,4000,IND@BKN 01/06/2025 07:30PM ET,IND,22.49
,,,,,,,,,,,,,SG/SF,Tyrese Martin (37238854),Tyrese Martin,37238854,SG/SF/F/G/UTIL,4000,IND@BKN 01/06/2025 07:30PM ET,BKN,15.14
,,,,,,,,,,,,,SF/PF,Harrison Barnes (37238836),Harrison Barnes,37238836,SF/PF/F/UTIL,4000,SAS@CHI 01/06/2025 08:00PM ET,SAS,19.34
,,,,,,,,,,,,,C,Jericho Sims (37238849),Jericho Sims,37238849,C/UTIL,4000,ORL@NYK 01/06/2025 07:30PM ET,NYK,7.62
,,,,,,,,,,,,,PG,Mike Conley (37238843),Mike Conley,37238843,PG/G/UTIL,4000,LAC@MIN 01/06/2025 08:00PM ET,MIN,21.43
,,,,,,,,,,,,,PF/C,Obi Toppin (37238863),Obi Toppin,37238863,PF/C/F/UTIL,3900,IND@BKN 01/06/2025 07:30PM ET,IND,20.55
,,,,,,,,,,,,,SG/SF,Julian Champagnie (37238871),Julian Champagnie,37238871,SG/SF/F/G/UTIL,3900,SAS@CHI 01/06/2025 08:00PM ET,SAS,23.32
,,,,,,,,,,,,,PF/C,Brandon Clarke (37238859),Brandon Clarke,37238859,PF/C/F/UTIL,3900,DAL@MEM 01/06/2025 08:00PM ET,MEM,17.71
,,,,,,,,,,,,,PG/SG,Cameron Payne (37238867),Cameron Payne,37238867,PG/SG/G/UTIL,3900,ORL@NYK 01/06/2025 07:30PM ET,NYK,15.09
,,,,,,,,,,,,,C,Day'Ron Sharpe (37238880),Day'Ron Sharpe,37238880,C/UTIL,3800,IND@BKN 01/06/2025 07:30PM ET,BKN,17.68
,,,,,,,,,,,,,PF,Aaron Nesmith (37238882),Aaron Nesmith,37238882,PF/F/UTIL,3800,IND@BKN 01/06/2025 07:30PM ET,IND,17.75
,,,,,,,,,,,,,C,Zach Collins (37238893),Zach Collins,37238893,C/UTIL,3800,SAS@CHI 01/06/2025 08:00PM ET,SAS,13.83
,,,,,,,,,,,,,PG/SG,AJ Green (37238889),AJ Green,37238889,PG/SG/G/UTIL,3800,MIL@TOR 01/06/2025 07:30PM ET,MIL,15.24
,,,,,,,,,,,,,PF/C,Robert Williams (37238876),Robert Williams,37238876,PF/C/F/UTIL,3800,POR@DET 01/06/2025 07:00PM ET,POR,18.59
,,,,,,,,,,,,,PG/SG,Marcus Smart (37238885),Marcus Smart,37238885,PG/SG/G/UTIL,3800,DAL@MEM 01/06/2025 08:00PM ET,MEM,20.92
,,,,,,,,,,,,,PG,Monte Morris (37238902),Monte Morris,37238902,PG/G/UTIL,3800,PHX@PHI 01/06/2025 07:00PM ET,PHX,11.54
,,,,,,,,,,,,,C,Mitchell Robinson (37238895),Mitchell Robinson,37238895,C/UTIL,3800,ORL@NYK 01/06/2025 07:30PM ET,NYK,0
,,,,,,,,,,,,,PG/SG,Stephon Castle (37238917),Stephon Castle,37238917,PG/SG/G/UTIL,3700,SAS@CHI 01/06/2025 08:00PM ET,SAS,21.21
,,,,,,,,,,,,,SG/SF,Bruce Brown (37238897),Bruce Brown,37238897,SG/SF/F/G/UTIL,3700,MIL@TOR 01/06/2025 07:30PM ET,TOR,12
,,,,,,,,,,,,,C,Kelly Olynyk (37238912),Kelly Olynyk,37238912,C/UTIL,3700,MIL@TOR 01/06/2025 07:30PM ET,TOR,17.19
,,,,,,,,,,,,,SF,Josh Okogie (37238905),Josh Okogie,37238905,SF/F/UTIL,3700,PHX@PHI 01/06/2025 07:00PM ET,PHX,14.31
,,,,,,,,,,,,,PF/C,Jonathan Isaac (37238908),Jonathan Isaac,37238908,PF/C/F/UTIL,3700,ORL@NYK 01/06/2025 07:30PM ET,ORL,16.07
,,,,,,,,,,,,,PF,Derrick Jones Jr. (37238914),Derrick Jones Jr.,37238914,PF/F/UTIL,3700,LAC@MIN 01/06/2025 08:00PM ET,LAC,18.72
,,,,,,,,,,,,,SF,Bojan Bogdanovic (37238932),Bojan Bogdanovic,37238932,SF/F/UTIL,3600,IND@BKN 01/06/2025 07:30PM ET,BKN,0
,,,,,,,,,,,,,C,Jalen Smith (37238921),Jalen Smith,37238921,C/UTIL,3600,SAS@CHI 01/06/2025 08:00PM ET,CHI,18.33
,,,,,,,,,,,,,PG,Jamal Shead (37238935),Jamal Shead,37238935,PG/G/UTIL,3600,MIL@TOR 01/06/2025 07:30PM ET,TOR,12.66
,,,,,,,,,,,,,SF/PF,Amir Coffey (37238923),Amir Coffey,37238923,SF/PF/F/UTIL,3600,LAC@MIN 01/06/2025 08:00PM ET,LAC,17.53
,,,,,,,,,,,,,SG/SF,Nickeil Alexander-Walker (37238927),Nickeil Alexander-Walker,37238927,SG/SF/F/G/UTIL,3600,LAC@MIN 01/06/2025 08:00PM ET,MIN,18.63
,,,,,,,,,,,,,PG,Tre Jones (37238953),Tre Jones,37238953,PG/G/UTIL,3500,SAS@CHI 01/06/2025 08:00PM ET,SAS,13.75
,,,,,,,,,,,,,SG,Ja'Kobe Walter (37238950),Ja'Kobe Walter,37238950,SG/G/UTIL,3500,MIL@TOR 01/06/2025 07:30PM ET,TOR,15.81
,,,,,,,,,,,,,C,Isaiah Stewart (37238945),Isaiah Stewart,37238945,C/UTIL,3500,POR@DET 01/06/2025 07:00PM ET,DET,19.29
,,,,,,,,,,,,,PF/C,Maxi Kleber (37238938),Maxi Kleber,37238938,PF/C/F/UTIL,3500,DAL@MEM 01/06/2025 08:00PM ET,DAL,8.98
,,,,,,,,,,,,,PF,Vince Williams Jr. (37238947),Vince Williams Jr.,37238947,PF/F/UTIL,3500,DAL@MEM 01/06/2025 08:00PM ET,MEM,14.75
,,,,,,,,,,,,,PG,Ryan Rollins (37238942),Ryan Rollins,37238942,PG/G/UTIL,3400,MIL@TOR 01/06/2025 07:30PM ET,MIL,10.66
,,,,,,,,,,,,,PG/SG,Davion Mitchell (37238991),Davion Mitchell,37238991,PG/SG/G/UTIL,3400,MIL@TOR 01/06/2025 07:30PM ET,TOR,17.66
,,,,,,,,,,,,,PG/SG,Kyle Lowry (37238960),Kyle Lowry,37238960,PG/SG/G/UTIL,3400,PHX@PHI 01/06/2025 07:00PM ET,PHI,13.26
,,,,,,,,,,,,,SF/PF,Caleb Houstan (37238956),Caleb Houstan,37238956,SF/PF/F/UTIL,3400,ORL@NYK 01/06/2025 07:30PM ET,ORL,4.5
,,,,,,,,,,,,,C,Thomas Bryant (37238981),Thomas Bryant,37238981,C/UTIL,3300,IND@BKN 01/06/2025 07:30PM ET,IND,11.18
,,,,,,,,,,,,,SG/SF,Gary Trent Jr. (37238976),Gary Trent Jr.,37238976,SG/SF/F/G/UTIL,3300,MIL@TOR 01/06/2025 07:30PM ET,MIL,16.35
,,,,,,,,,,,,,PG/SG,Dalano Banton (37238968),Dalano Banton,37238968,PG/SG/G/UTIL,3300,POR@DET 01/06/2025 07:00PM ET,POR,18.22
,,,,,,,,,,,,,PG/SG,Marcus Sasser (37238972),Marcus Sasser,37238972,PG/SG/G/UTIL,3300,POR@DET 01/06/2025 07:00PM ET,DET,11.33
,,,,,,,,,,,,,PF/C,Oso Ighodaro (37238964),Oso Ighodaro,37238964,PF/C/F/UTIL,3300,PHX@PHI 01/06/2025 07:00PM ET,PHX,11.08
,,,,,,,,,,,,,PG,Reggie Jackson (37238983),Reggie Jackson,37238983,PG/G/UTIL,3300,PHX@PHI 01/06/2025 07:00PM ET,PHI,9.89
,,,,,,,,,,,,,SG/SF,Gary Harris (37238986),Gary Harris,37238986,SG/SF/F/G/UTIL,3300,ORL@NYK 01/06/2025 07:30PM ET,ORL,8.41
,,,,,,,,,,,,,SF/PF,Jarace Walker (37239018),Jarace Walker,37239018,SF/PF/F/UTIL,3200,IND@BKN 01/06/2025 07:30PM ET,IND,15.33
,,,,,,,,,,,,,SF/PF,Tosan Evbuomwan (37239022),Tosan Evbuomwan,37239022,SF/PF/F/UTIL,3200,IND@BKN 01/06/2025 07:30PM ET,BKN,7.75
,,,,,,,,,,,,,C,Charles Bassey (37238995),Charles Bassey,37238995,C/UTIL,3200,SAS@CHI 01/06/2025 08:00PM ET,SAS,12.70
,,,,,,,,,,,,,SG/SF,Talen Horton-Tucker (37239000),Talen Horton-Tucker,37239000,SG/SF/F/G/UTIL,3200,SAS@CHI 01/06/2025 08:00PM ET,CHI,12.45
,,,,,,,,,,,,,SF/PF,Taurean Prince (37239005),Taurean Prince,37239005,SF/PF/F/UTIL,3200,MIL@TOR 01/06/2025 07:30PM ET,MIL,17.21
,,,,,,,,,,,,,C,Donovan Clingan (37239026),Donovan Clingan,37239026,C/UTIL,3200,POR@DET 01/06/2025 07:00PM ET,POR,17.40
,,,,,,,,,,,,,PG,Brandon Williams (37239015),Brandon Williams,37239015,PG/G/UTIL,3200,DAL@MEM 01/06/2025 08:00PM ET,DAL,6.06
,,,,,,,,,,,,,SF,Justin Edwards (37239009),Justin Edwards,37239009,SF/F/UTIL,3200,PHX@PHI 01/06/2025 07:00PM ET,PHI,7.35
,,,,,,,,,,,,,PG,Cory Joseph (37239012),Cory Joseph,37239012,PG/G/UTIL,3200,ORL@NYK 01/06/2025 07:30PM ET,ORL,5.46
,,,,,,,,,,,,,PG,Bones Hyland (37238997),Bones Hyland,37238997,PG/G/UTIL,3200,LAC@MIN 01/06/2025 08:00PM ET,LAC,12.63
,,,,,,,,,,,,,SG/SF,Ben Sheppard (37239045),Ben Sheppard,37239045,SG/SF/F/G/UTIL,3100,IND@BKN 01/06/2025 07:30PM ET,IND,12.43
,,,,,,,,,,,,,PG,Reece Beekman (37239050),Reece Beekman,37239050,PG/G/UTIL,3100,IND@BKN 01/06/2025 07:30PM ET,BKN,2.5
,,,,,,,,,,,,,SF,Dalen Terry (37239042),Dalen Terry,37239042,SF/F/UTIL,3100,SAS@CHI 01/06/2025 08:00PM ET,CHI,8.95
,,,,,,,,,,,,,SG/SF,Andre Jackson Jr. (37239037),Andre Jackson Jr.,37239037,SG/SF/F/G/UTIL,3100,MIL@TOR 01/06/2025 07:30PM ET,MIL,11.09
,,,,,,,,,,,,,SF/PF,Ronald Holland II (37239028),Ronald Holland II,37239028,SF/PF/F/UTIL,3100,POR@DET 01/06/2025 07:00PM ET,DET,11.85
,,,,,,,,,,,,,SF,Kris Murray (37239053),Kris Murray,37239053,SF/F/UTIL,3100,POR@DET 01/06/2025 07:00PM ET,POR,8.76
,,,,,,,,,,,,,SG/SF,Jordan Miller (37239032),Jordan Miller,37239032,SG/SF/F/G/UTIL,3100,LAC@MIN 01/06/2025 08:00PM ET,LAC,11.53
,,,,,,,,,,,,,SG,Dariq Whitehead (37239207),Dariq Whitehead,37239207,SG/G/UTIL,3000,IND@BKN 01/06/2025 07:30PM ET,BKN,8.19
,,,,,,,,,,,,,SF,Maxwell Lewis (37239210),Maxwell Lewis,37239210,SF/F/UTIL,3000,IND@BKN 01/06/2025 07:30PM ET,BKN,1.75
,,,,,,,,,,,,,PG,De'Anthony Melton (37239213),De'Anthony Melton,37239213,PG/G/UTIL,3000,IND@BKN 01/06/2025 07:30PM ET,BKN,22.25
,,,,,,,,,,,,,PG,RayJ Dennis (37239350),RayJ Dennis,37239350,PG/G/UTIL,3000,IND@BKN 01/06/2025 07:30PM ET,IND,0
,,,,,,,,,,,,,PF/C,James Johnson (37239353),James Johnson,37239353,PF/C/F/UTIL,3000,IND@BKN 01/06/2025 07:30PM ET,IND,3.9
,,,,,,,,,,,,,PG/SG,Quenton Jackson (37239357),Quenton Jackson,37239357,PG/SG/G/UTIL,3000,IND@BKN 01/06/2025 07:30PM ET,IND,12.31
,,,,,,,,,,,,,PF/C,Enrique Freeman (37239361),Enrique Freeman,37239361,PF/C/F/UTIL,3000,IND@BKN 01/06/2025 07:30PM ET,IND,3.47
,,,,,,,,,,,,,SG/SF,Johnny Furphy (37239365),Johnny Furphy,37239365,SG/SF/F/G/UTIL,3000,IND@BKN 01/06/2025 07:30PM ET,IND,6.22
,,,,,,,,,,,,,C,Isaiah Jackson (37239370),Isaiah Jackson,37239370,C/UTIL,3000,IND@BKN 01/06/2025 07:30PM ET,IND,19.4
,,,,,,,,,,,,,C,James Wiseman (37239372),James Wiseman,37239372,C/UTIL,3000,IND@BKN 01/06/2025 07:30PM ET,IND,7.25
,,,,,,,,,,,,,SF/PF,Matas Buzelis (37239085),Matas Buzelis,37239085,SF/PF/F/UTIL,3000,SAS@CHI 01/06/2025 08:00PM ET,CHI,11.23
,,,,,,,,,,,,,PF,Emanuel Miller (37239098),Emanuel Miller,37239098,PF/F/UTIL,3000,SAS@CHI 01/06/2025 08:00PM ET,CHI,0
,,,,,,,,,,,,,PG/SG,Jevon Carter (37239101),Jevon Carter,37239101,PG/SG/G/UTIL,3000,SAS@CHI 01/06/2025 08:00PM ET,CHI,6.75
,,,,,,,,,,,,,SG/SF,Chris Duarte (37239105),Chris Duarte,37239105,SG/SF/F/G/UTIL,3000,SAS@CHI 01/06/2025 08:00PM ET,CHI,4.65
,,,,,,,,,,,,,PF,Julian Phillips (37239110),Julian Phillips,37239110,PF/F/UTIL,3000,SAS@CHI 01/06/2025 08:00PM ET,CHI,9.60
,,,,,,,,,,,,,C,Adama Sanogo (37239113),Adama Sanogo,37239113,C/UTIL,3000,SAS@CHI 01/06/2025 08:00PM ET,CHI,4.12
,,,,,,,,,,,,,C,E.J. Liddell (37239115),E.J. Liddell,37239115,C/UTIL,3000,SAS@CHI 01/06/2025 08:00PM ET,CHI,5.04
,,,,,,,,,,,,,PF,Torrey Craig (37239117),Torrey Craig,37239117,PF/F/UTIL,3000,SAS@CHI 01/06/2025 08:00PM ET,CHI,12.69
,,,,,,,,,,,,,PF,Riley Minix (37239255),Riley Minix,37239255,PF/F/UTIL,3000,SAS@CHI 01/06/2025 08:00PM ET,SAS,2.5
,,,,,,,,,,,,,PG/SG,Blake Wesley (37239258),Blake Wesley,37239258,PG/SG/G/UTIL,3000,SAS@CHI 01/06/2025 08:00PM ET,SAS,8.55
,,,,,,,,,,,,,PF,Harrison Ingram (37239262),Harrison Ingram,37239262,PF/F/UTIL,3000,SAS@CHI 01/06/2025 08:00PM ET,SAS,1.25
,,,,,,,,,,,,,SG/SF,Sidy Cissoko (37239265),Sidy Cissoko,37239265,SG/SF/F/G/UTIL,3000,SAS@CHI 01/06/2025 08:00PM ET,SAS,2.69
,,,,,,,,,,,,,PF/C,Sandro Mamukelashvili (37239270),Sandro Mamukelashvili,37239270,PF/C/F/UTIL,3000,SAS@CHI 01/06/2025 08:00PM ET,SAS,9.51
,,,,,,,,,,,,,PG/SG,Malaki Branham (37239274),Malaki Branham,37239274,PG/SG/G/UTIL,3000,SAS@CHI 01/06/2025 08:00PM ET,SAS,9.94
,,,,,,,,,,,,,SG,David Duke Jr. (37239278),David Duke Jr.,37239278,SG/G/UTIL,3000,SAS@CHI 01/06/2025 08:00PM ET,SAS,6
,,,,,,,,,,,,,C,Bruno Fernando (37239059),Bruno Fernando,37239059,C/UTIL,3000,MIL@TOR 01/06/2025 07:30PM ET,TOR,9.87
,,,,,,,,,,,,,PF/C,Jonathan Mogbo (37239061),Jonathan Mogbo,37239061,PF/C/F/UTIL,3000,MIL@TOR 01/06/2025 07:30PM ET,TOR,15.11
,,,,,,,,,,,,,PF,Chris Boucher (37239065),Chris Boucher,37239065,PF/F/UTIL,3000,MIL@TOR 01/06/2025 07:30PM ET,TOR,18.98
,,,,,,,,,,,,,SG,Garrett Temple (37239120),Garrett Temple,37239120,SG/G/UTIL,3000,MIL@TOR 01/06/2025 07:30PM ET,TOR,3.20
,,,,,,,,,,,,,C,Ulrich Chomche (37239123),Ulrich Chomche,37239123,C/UTIL,3000,MIL@TOR 01/06/2025 07:30PM ET,TOR,1.9
,,,,,,,,,,,,,SF,Jamison Battle (37239125),Jamison Battle,37239125,SF/F/UTIL,3000,MIL@TOR 01/06/2025 07:30PM ET,TOR,10.86
,,,,,,,,,,,,,PG,AJ Lawson (37239128),AJ Lawson,37239128,PG/G/UTIL,3000,MIL@TOR 01/06/2025 07:30PM ET,TOR,4.58
,,,,,,,,,,,,,SG,Stanley Umude (37239281),Stanley Umude,37239281,SG/G/UTIL,3000,MIL@TOR 01/06/2025 07:30PM ET,MIL,2.25
,,,,,,,,,,,,,PG/SG,Delon Wright (37239284),Delon Wright,37239284,PG/SG/G/UTIL,3000,MIL@TOR 01/06/2025 07:30PM ET,MIL,10.25
,,,,,,,,,,,,,SF/PF,Pat Connaughton (37239288),Pat Connaughton,37239288,SF/PF/F/UTIL,3000,MIL@TOR 01/06/2025 07:30PM ET,MIL,11.39
,,,,,,,,,,,,,PF,Tyler Smith (37239292),Tyler Smith,37239292,PF/F/UTIL,3000,MIL@TOR 01/06/2025 07:30PM ET,MIL,3.5
,,,,,,,,,,,,,PG/SF,Marjon Beauchamp (37239295),Marjon Beauchamp,37239295,PG/SF/F/G/UTIL,3000,MIL@TOR 01/06/2025 07:30PM ET,MIL,2.94
,,,,,,,,,,,,,C,Liam Robbins (37239300),Liam Robbins,37239300,C/UTIL,3000,MIL@TOR 01/06/2025 07:30PM ET,MIL,2.68
,,,,,,,,,,,,,SF,Chris Livingston (37239302),Chris Livingston,37239302,SF/F/UTIL,3000,MIL@TOR 01/06/2025 07:30PM ET,MIL,2.19
,,,,,,,,,,,,,SG,AJ Johnson (37239305),AJ Johnson,37239305,SG/G/UTIL,3000,MIL@TOR 01/06/2025 07:30PM ET,MIL,1.96
,,,,,,,,,,,,,C,Cole Swider (37239216),Cole Swider,37239216,C/UTIL,3000,POR@DET 01/06/2025 07:00PM ET,DET,2
,,,,,,,,,,,,,PG/SG,Alondes Williams (37239218),Alondes Williams,37239218,PG/SG/G/UTIL,3000,POR@DET 01/06/2025 07:00PM ET,DET,7
,,,,,,,,,,,,,PG,Daniss Jenkins (37239222),Daniss Jenkins,37239222,PG/G/UTIL,3000,POR@DET 01/06/2025 07:00PM ET,DET,0
,,,,,,,,,,,,,SG/SF,Wendell Moore Jr. (37239225),Wendell Moore Jr.,37239225,SG/SF/F/G/UTIL,3000,POR@DET 01/06/2025 07:00PM ET,DET,11.82
,,,,,,,,,,,,,PF,Bobi Klintman (37239230),Bobi Klintman,37239230,PF/F/UTIL,3000,POR@DET 01/06/2025 07:00PM ET,DET,0
,,,,,,,,,,,,,C,Paul Reed (37239233),Paul Reed,37239233,C/UTIL,3000,POR@DET 01/06/2025 07:00PM ET,DET,13.62
,,,,,,,,,,,,,PG,Jaden Ivey (37239235),Jaden Ivey,37239235,PG/G/UTIL,3000,POR@DET 01/06/2025 07:00PM ET,DET,30.88
,,,,,,,,,,,,,PF,Simone Fontecchio (37239238),Simone Fontecchio,37239238,PF/F/UTIL,3000,POR@DET 01/06/2025 07:00PM ET,DET,12.49
,,,,,,,,,,,,,SG/SF,Rayan Rupert (37239374),Rayan Rupert,37239374,SG/SF/F/G/UTIL,3000,POR@DET 01/06/2025 07:00PM ET,POR,6.41
,,,,,,,,,,,,,C,Jabari Walker (37239379),Jabari Walker,37239379,C/UTIL,3000,POR@DET 01/06/2025 07:00PM ET,POR,8.78
,,,,,,,,,,,,,PF,Justin Minaya (37239381),Justin Minaya,37239381,PF/F/UTIL,3000,POR@DET 01/06/2025 07:00PM ET,POR,1.25
,,,,,,,,,,,,,C,Duop Reath (37239384),Duop Reath,37239384,C/UTIL,3000,POR@DET 01/06/2025 07:00PM ET,POR,4.7
,,,,,,,,,,,,,SG,Bryce McGowens (37239386),Bryce McGowens,37239386,SG/G/UTIL,3000,POR@DET 01/06/2025 07:00PM ET,POR,2.38
,,,,,,,,,,,,,SG,Taze Moore (37239389),Taze Moore,37239389,SG/G/UTIL,3000,POR@DET 01/06/2025 07:00PM ET,POR,10.5
,,,,,,,,,,,,,PF,Matisse Thybulle (37239392),Matisse Thybulle,37239392,PF/F/UTIL,3000,POR@DET 01/06/2025 07:00PM ET,POR,0
,,,,,,,,,,,,,C,Dwight Powell (37239068),Dwight Powell,37239068,C/UTIL,3000,DAL@MEM 01/06/2025 08:00PM ET,DAL,6.62
,,,,,,,,,,,,,SF/PF,Olivier-Maxence Prosper (37239070),Olivier-Maxence Prosper,37239070,SF/PF/F/UTIL,3000,DAL@MEM 01/06/2025 08:00PM ET,DAL,6.24
,,,,,,,,,,,,,SG,Cam Spencer (37239077),Cam Spencer,37239077,SG/G/UTIL,3000,DAL@MEM 01/06/2025 08:00PM ET,MEM,9.81
,,,,,,,,,,,,,C,Colin Castleton (37239089),Colin Castleton,37239089,C/UTIL,3000,DAL@MEM 01/06/2025 08:00PM ET,MEM,2.88
,,,,,,,,,,,,,PG,Yuki Kawamura (37239091),Yuki Kawamura,37239091,PG/G/UTIL,3000,DAL@MEM 01/06/2025 08:00PM ET,MEM,3.25
,,,,,,,,,,,,,PF/C,Gregory Jackson (37239094),Gregory Jackson,37239094,PF/C/F/UTIL,3000,DAL@MEM 01/06/2025 08:00PM ET,MEM,0
,,,,,,,,,,,,,PF/C,Markieff Morris (37239241),Markieff Morris,37239241,PF/C/F/UTIL,3000,DAL@MEM 01/06/2025 08:00PM ET,DAL,4.8
,,,,,,,,,,,,,PG,Jazian Gortman (37239245),Jazian Gortman,37239245,PG/G/UTIL,3000,DAL@MEM 01/06/2025 08:00PM ET,DAL,2.98
,,,,,,,,,,,,,SF/PF,Kessler Edwards (37239248),Kessler Edwards,37239248,SF/PF/F/UTIL,3000,DAL@MEM 01/06/2025 08:00PM ET,DAL,0.46
,,,,,,,,,,,,,SF,Dante Exum (37239252),Dante Exum,37239252,SF/F/UTIL,3000,DAL@MEM 01/06/2025 08:00PM ET,DAL,0
,,,,,,,,,,,,,SF,Jalen Bridges (37239056),Jalen Bridges,37239056,SF/F/UTIL,3000,PHX@PHI 01/06/2025 07:00PM ET,PHX,0.94
,,,,,,,,,,,,,PF/C,Pete Nance (37239131),Pete Nance,37239131,PF/C/F/UTIL,3000,PHX@PHI 01/06/2025 07:00PM ET,PHI,4.75
,,,,,,,,,,,,,PG,Jeff Dowtin (37239135),Jeff Dowtin,37239135,PG/G/UTIL,3000,PHX@PHI 01/06/2025 07:00PM ET,PHI,6.70
,,,,,,,,,,,,,C,Adem Bona (37239138),Adem Bona,37239138,C/UTIL,3000,PHX@PHI 01/06/2025 07:00PM ET,PHI,5.18
,,,,,,,,,,,,,SF/PF,Ricky Council IV (37239140),Ricky Council IV,37239140,SF/PF/F/UTIL,3000,PHX@PHI 01/06/2025 07:00PM ET,PHI,10.38
,,,,,,,,,,,,,SG/SF,Eric Gordon (37239144),Eric Gordon,37239144,SG/SF/F/G/UTIL,3000,PHX@PHI 01/06/2025 07:00PM ET,PHI,9.96
,,,,,,,,,,,,,PF,KJ Martin (37239149),KJ Martin,37239149,PF/F/UTIL,3000,PHX@PHI 01/06/2025 07:00PM ET,PHI,13.52
,,,,,,,,,,,,,PG,Jared McCain (37239152),Jared McCain,37239152,PG/G/UTIL,3000,PHX@PHI 01/06/2025 07:00PM ET,PHI,23.94
,,,,,,,,,,,,,PG,TyTy Washington Jr. (37239308),TyTy Washington Jr.,37239308,PG/G/UTIL,3000,PHX@PHI 01/06/2025 07:00PM ET,PHX,4.94
,,,,,,,,,,,,,SG,Damion Lee (37239311),Damion Lee,37239311,SG/G/UTIL,3000,PHX@PHI 01/06/2025 07:00PM ET,PHX,4.62
,,,,,,,,,,,,,PF/C,Bol Bol (37239314),Bol Bol,37239314,PF/C/F/UTIL,3000,PHX@PHI 01/06/2025 07:00PM ET,PHX,6
,,,,,,,,,,,,,PG,Collin Gillespie (37239318),Collin Gillespie,37239318,PG/G/UTIL,3000,PHX@PHI 01/06/2025 07:00PM ET,PHX,3.5
,,,,,,,,,,,,,PG,Mac McClung (37239074),Mac McClung,37239074,PG/G/UTIL,3000,ORL@NYK 01/06/2025 07:30PM ET,ORL,4.25
,,,,,,,,,,,,,SG,Landry Shamet (37239183),Landry Shamet,37239183,SG/G/UTIL,3000,ORL@NYK 01/06/2025 07:30PM ET,NYK,6.93
,,,,,,,,,,,,,SG/SF,Matt Ryan (37239186),Matt Ryan,37239186,SG/SF/F/G/UTIL,3000,ORL@NYK 01/06/2025 07:30PM ET,NYK,1.89
,,,,,,,,,,,,,SG/SF,Pacome Dadiet (37239191),Pacome Dadiet,37239191,SG/SF/F/G/UTIL,3000,ORL@NYK 01/06/2025 07:30PM ET,NYK,4.23
,,,,,,,,,,,,,PF,Jacob Toppin (37239196),Jacob Toppin,37239196,PF/F/UTIL,3000,ORL@NYK 01/06/2025 07:30PM ET,NYK,1.25
,,,,,,,,,,,,,PG,Tyler Kolek (37239199),Tyler Kolek,37239199,PG/G/UTIL,3000,ORL@NYK 01/06/2025 07:30PM ET,NYK,4.87
,,,,,,,,,,,,,C,Ariel Hukporti (37239202),Ariel Hukporti,37239202,C/UTIL,3000,ORL@NYK 01/06/2025 07:30PM ET,NYK,5.79
,,,,,,,,,,,,,SF,Kevin McCullar Jr. (37239204),Kevin McCullar Jr.,37239204,SF/F/UTIL,3000,ORL@NYK 01/06/2025 07:30PM ET,NYK,0
,,,,,,,,,,,,,SF/PF,Jett Howard (37239344),Jett Howard,37239344,SF/PF/F/UTIL,3000,ORL@NYK 01/06/2025 07:30PM ET,ORL,7.62
,,,,,,,,,,,,,C,Moritz Wagner (37239348),Moritz Wagner,37239348,C/UTIL,3000,ORL@NYK 01/06/2025 07:30PM ET,ORL,23.22
,,,,,,,,,,,,,SG/SF,Terance Mann (37239080),Terance Mann,37239080,SG/SF/F/G/UTIL,3000,LAC@MIN 01/06/2025 08:00PM ET,LAC,15.40
,,,,,,,,,,,,,C,Jesse Edwards (37239155),Jesse Edwards,37239155,C/UTIL,3000,LAC@MIN 01/06/2025 08:00PM ET,MIN,0
,,,,,,,,,,,,,PF/C,Leonard Miller (37239157),Leonard Miller,37239157,PF/C/F/UTIL,3000,LAC@MIN 01/06/2025 08:00PM ET,MIN,4
,,,,,,,,,,,,,SG/SF,Terrence Shannon Jr. (37239161),Terrence Shannon Jr.,37239161,SG/SF/F/G/UTIL,3000,LAC@MIN 01/06/2025 08:00PM ET,MIN,3
,,,,,,,,,,,,,SG,Jaylen Clark (37239166),Jaylen Clark,37239166,SG/G/UTIL,3000,LAC@MIN 01/06/2025 08:00PM ET,MIN,0
,,,,,,,,,,,,,PG,Tristen Newton (37239169),Tristen Newton,37239169,PG/G/UTIL,3000,LAC@MIN 01/06/2025 08:00PM ET,MIN,0.8
,,,,,,,,,,,,,PF,Joe Ingles (37239172),Joe Ingles,37239172,PF/F/UTIL,3000,LAC@MIN 01/06/2025 08:00PM ET,MIN,2.21
,,,,,,,,,,,,,SF,Josh Minott (37239175),Josh Minott,37239175,SF/F/UTIL,3000,LAC@MIN 01/06/2025 08:00PM ET,MIN,7.54
,,,,,,,,,,,,,PG,Rob Dillingham (37239178),Rob Dillingham,37239178,PG/G/UTIL,3000,LAC@MIN 01/06/2025 08:00PM ET,MIN,7.12
,,,,,,,,,,,,,C,Luka Garza (37239181),Luka Garza,37239181,C/UTIL,3000,LAC@MIN 01/06/2025 08:00PM ET,MIN,5.75
,,,,,,,,,,,,,SG,Cam Christie (37239321),Cam Christie,37239321,SG/G/UTIL,3000,LAC@MIN 01/06/2025 08:00PM ET,LAC,12.75
,,,,,,,,,,,,,PF/C,Nicolas Batum (37239324),Nicolas Batum,37239324,PF/C/F/UTIL,3000,LAC@MIN 01/06/2025 08:00PM ET,LAC,11.31
,,,,,,,,,,,,,PF/C,Kai Jones (37239328),Kai Jones,37239328,PF/C/F/UTIL,3000,LAC@MIN 01/06/2025 08:00PM ET,LAC,6.47
,,,,,,,,,,,,,C,Mo Bamba (37239332),Mo Bamba,37239332,C/UTIL,3000,LAC@MIN 01/06/2025 08:00PM ET,LAC,12.54
,,,,,,,,,,,,,PF/C,Kobe Brown (37239334),Kobe Brown,37239334,PF/C/F/UTIL,3000,LAC@MIN 01/06/2025 08:00PM ET,LAC,7.02
,,,,,,,,,,,,,SG,Trentyn Flowers (37239338),Trentyn Flowers,37239338,SG/G/UTIL,3000,LAC@MIN 01/06/2025 08:00PM ET,LAC,13.5
,,,,,,,,,,,,,PF,P.J. Tucker (37239341),P.J. Tucker,37239341,PF/F/UTIL,3000,LAC@MIN 01/06/2025 08:00PM ET,LAC,0
